productivity_bucket,author_count,total_subscriptions,avg_total_subscriptions,avg_avg_subscriptions,avg_positive_rate,avg_maintenance_days
1,6092,47713732,7832.2,7832.2,0.849807,117.53
2-3,2183,60829965,27865.31,11650.56,0.863371,166.71
4-9,1029,59552257,57873.91,10030.0,0.859552,187.06
10+,322,105143220,326531.74,21175.19,0.864324,264.91
